id,name,latitude,longitude,dep_count,dep_mean,dep_min,dep_max,dep_median,arr_count,arr_mean,arr_min,arr_max,arr_median,statusValue,totalDocks
72,W 52 St & 11 Ave,40.76727216,-73.99392888,27596,1050.92303232,60,21471,873.0,27341,1072.7021689,60,19853,914.0,In Service,39
79,Franklin St & W Broadway,40.71911552,-74.00666661,22775,835.898441273,60,21375,642.0,23166,795.345463179,60,20114,630.5,In Service,33
82,St James Pl & Pearl St,40.71117416,-74.00016545,9869,832.549194447,62,21125,524.0,9729,777.655771405,61,21237,538.0,In Service,27
83,Atlantic Ave & Fort Greene Pl,40.68382604,-73.97632328,11101,1096.07260607,60,20368,695.0,12151,1321.61978438,60,21231,853.0,In Service,62
116,W 17 St & 8 Ave,40.74177603,-74.00149746,46336,651.758503108,60,21359,497.0,46771,664.652370058,60,21136,517.0,In Service,39
119,Park Ave & St Edwards St,40.69608941,-73.97803415,1856,780.196659483,60,18472,485.5,1670,834.111377246,60,21007,479.5,In Service,19
120,Lexington Ave & Classon Ave,40.68676793,-73.95928168,4895,1024.94994893,64,20882,739.0,4596,1003.35248042,64,20882,666.0,In Service,19
127,Barrow St & Hudson St,40.73172428,-74.00674436,58626,800.916402279,60,21585,640.0,59054,802.431012294,60,21518,641.0,In Service,31
128,MacDougal St & Prince St,40.72710258,-74.00297088,43424,803.887389462,60,20554,642.0,45850,785.051603053,60,21178,629.0,In Service,30
137,E 56 St & Madison Ave,40.761628,-73.972924,21384,931.616488964,62,21479,702.0,20995,875.756418195,60,21161,657.0,In Service,46
143,Clinton St & Joralemon St,40.69239502,-73.99337909,10103,945.692863506,61,21240,721.0,9974,1045.22107479,61,21240,755.5,In Service,24
144,Nassau St & Navy St,40.69839895,-73.98068914,4947,1200.16494845,62,21286,1041.0,4995,1184.91311311,62,13913,1073.0,In Service,19
146,Hudson St & Reade St,40.71625008,-74.0091059,22587,805.317306415,60,20002,585.0,22316,779.247176913,60,20546,562.0,In Service,39
147,Greenwich St & Warren St,40.71542197,-74.01121978,45699,871.246373006,60,21208,657.0,47793,860.283639864,60,20863,666.0,In Service,33
150,E 2 St & Avenue C,40.7208736,-73.98085795,19980,771.459109109,60,21295,642.0,20240,821.242934783,60,18553,685.0,In Service,31
151,Cleveland Pl & Spring St,40.7218158,-73.99720307,70276,810.566324207,60,21237,611.0,69630,846.661051271,60,21555,658.0,In Service,33
152,Warren St & Church St,40.71473993,-74.00910627,19113,875.585622351,60,20430,667.0,19670,894.012506355,60,21412,683.0,In Service,29
153,E 40 St & 5 Ave,40.75206231,-73.9816324,27703,702.294372451,60,20476,521.0,26150,797.087686424,60,21340,619.0,In Service,55
157,Henry St & Atlantic Ave,40.69089272,-73.99612349,12141,970.38028169,60,21592,632.0,12715,1000.02225718,60,20749,675.0,In Service,23
160,E 37 St & Lexington Ave,40.748238,-73.978311,20430,727.431620166,60,20696,575.0,20579,793.003644492,60,21153,627.0,In Service,26
161,LaGuardia Pl & W 3 St,40.72917025,-73.99810231,42311,721.249840466,60,21481,559.0,42766,731.50313333,60,21189,571.0,In Service,35
164,E 47 St & 2 Ave,40.75323098,-73.97032517,23655,819.703107166,60,21571,681.0,23594,779.800033907,60,21456,656.0,In Service,47
167,E 39 St & 3 Ave,40.7489006,-73.97604882,33871,735.800773523,60,21325,569.0,33313,774.563143518,60,21347,622.0,In Service,45
168,W 18 St & 6 Ave,40.73971301,-73.99456405,52753,687.105813887,60,21173,557.0,54568,660.620968333,60,21463,531.0,In Service,47
173,Broadway & W 49 St,40.76064679,-73.98442659,38140,875.90031463,60,21499,548.5,37930,882.166543633,60,21127,550.0,In Service,51
174,E 25 St & 1 Ave,40.7381765,-73.97738662,28967,766.418648807,60,20515,649.0,29096,744.72796948,60,20906,610.0,In Service,30
195,Liberty St & Broadway,40.70905623,-74.01043382,27527,985.229774403,60,21046,769.0,26962,1047.60032639,61,21046,855.0,In Service,45
212,W 16 St & The High Line,40.74334935,-74.00681753,26281,814.109546821,60,21474,619.0,26411,881.758585438,60,21437,673.0,In Service,28
216,Columbia Heights & Cranberry St,40.70037867,-73.99548059,6233,1232.82047168,61,20675,924.0,5054,1229.20122675,62,20205,917.0,In Service,23
217,Old Fulton St,40.70277159,-73.99383605,19356,1605.99860508,60,21480,1375.0,20009,1519.05872357,60,21286,1173.0,In Service,39
218,Gallatin Pl & Livingston St,40.69028437,-73.98707105,4350,860.663678161,62,14678,643.0,5118,1017.28702618,62,17950,743.0,In Service,34
223,W 13 St & 7 Ave,40.73781509,-73.99994661,34280,664.098220537,60,21087,502.0,34666,614.509519414,60,21175,472.0,In Service,33
224,Spruce St & Nassau St,40.71146364,-74.00552427,19276,997.452946669,60,20993,730.0,19181,946.058756061,60,20602,706.0,In Service,31
225,W 14 St & The High Line,40.74195138,-74.00803013,30598,1149.39639846,60,21209,925.0,33542,1177.8630672,60,21496,947.0,In Service,37
228,E 48 St & 3 Ave,40.7546011,-73.97187886,23436,846.613457928,62,20387,694.0,23993,760.056224732,61,20565,620.0,In Service,55
229,Great Jones St,40.72743423,-73.99379025,32278,670.792242394,60,20777,505.0,33498,678.246910263,60,21481,512.0,In Service,23
232,Cadman Plaza E & Tillary St,40.69597683,-73.99014892,8862,1323.26483864,60,20949,1124.0,9168,1600.98374782,60,20262,1492.5,Not In Service,23
233,Joralemon St & Adams St,40.69246277,-73.98963911,5869,948.917021639,61,16999,682.0,5343,1014.69567659,60,19449,767.0,In Service,38
236,St Marks Pl & 2 Ave,40.7284186,-73.98713956,43118,723.515585138,60,19109,555.0,42704,730.497002623,60,21262,575.0,In Service,39
237,E 11 St & 2 Ave,40.73047309,-73.98672378,42479,700.209797782,60,20717,536.0,42900,728.874685315,60,20379,571.0,In Service,39
238,Bank St & Washington St,40.7361967,-74.00859207,24001,858.280279988,60,19595,688.0,23933,934.858020307,60,21547,743.0,In Service,31
239,Willoughby St & Fleet St,40.69196566,-73.9813018,9679,521.038020457,60,18215,348.0,8913,476.41658252,60,19071,321.0,In Service,31
241,DeKalb Ave & S Portland Ave,40.68981035,-73.97493121,7826,698.785458727,61,20717,396.0,6805,718.896546657,61,21382,457.0,In Service,23
242,Flushing Ave & Carlton Ave,40.69788349,-73.97350332,6629,945.322069694,62,21353,711.0,7153,798.044037467,61,16908,515.0,In Service,23
243,Fulton St & Rockwell Pl,40.688226,-73.979382,7187,749.59788507,60,18375,492.0,8937,601.288911268,60,20680,390.0,In Service,31
244,Willoughby Ave & Hall St,40.69196035,-73.96536851,7365,738.94161575,60,20705,481.0,6543,760.518416628,60,15044,550.0,In Service,31
245,Myrtle Ave & St Edwards St,40.69327018,-73.97703874,4290,755.647086247,60,16505,432.0,3865,894.211125485,60,12614,568.0,In Service,23
247,Perry St & Bleecker St,40.73535398,-74.00483091,23888,827.245604488,60,21347,619.0,24177,832.444058403,60,20670,643.0,In Service,20
248,Laight St & Hudson St,40.72185379,-74.00771779,9152,909.623907343,60,21275,746.0,9046,909.217333628,60,21265,709.0,In Service,23
249,Harrison St & Hudson St,40.71870987,-74.0090009,15753,845.456294039,60,20400,646.0,15888,762.397218026,60,21543,549.0,In Service,27
250,Lafayette St & Jersey St,40.72456089,-73.99565293,60895,723.764660481,60,21569,542.0,61721,752.511592489,60,21354,576.0,In Service,40
251,Mott St & Prince St,40.72317958,-73.99480012,38630,818.901113125,60,21420,612.0,39590,816.350366254,60,21338,643.0,In Service,27
252,MacDougal St & Washington Sq,40.73226398,-73.99852205,30645,750.09505629,60,21109,551.0,30887,713.337358759,60,20276,537.0,In Service,33
253,W 13 St & 5 Ave,40.73543934,-73.99453948,26968,710.676320083,60,20345,544.0,27211,709.386240858,60,21018,552.0,In Service,55
254,W 11 St & 6 Ave,40.73532427,-73.99800419,20785,704.324609093,60,20519,535.0,20700,664.754444444,60,21081,509.0,In Service,31
255,NYCBS Depot - SSP,40.646768,-74.01651,15,1848.73333333,60,8185,1607.0,57,2123.80701754,60,9506,2118.0,In Service,34
257,Lispenard St & Broadway,40.71939226,-74.00247214,26658,804.534661265,60,21373,584.0,27430,818.861611374,60,21505,605.0,In Service,39
258,DeKalb Ave & Vanderbilt Ave,40.68940747,-73.96885458,9022,711.136555088,60,21296,372.0,7410,922.779892038,60,18726,605.0,In Service,23
259,South St & Whitehall St,40.70122128,-74.01234218,20612,1408.70279449,60,21142,1251.0,21188,1195.29516708,60,21142,1039.0,In Service,39
260,Broad St & Bridge St,40.70365182,-74.01167797,11786,1101.16095367,62,20423,937.0,14532,961.475433526,60,21525,720.0,In Service,35
261,Johnson St & Gold St,40.69474881,-73.98362464,10719,925.659109992,62,18242,611.0,10746,917.312116136,62,19046,606.0,In Service,27
262,Washington Park,40.69178232,-73.97372989,7145,606.134079776,61,16722,347.0,5184,694.878472222,61,17096,423.0,In Service,24
263,Elizabeth St & Hester St,40.71729,-73.996375,31281,854.128672357,60,21180,702.0,30664,868.195180016,60,20693,713.0,In Service,31
264,Maiden Ln & Pearl St,40.70706456,-74.00731853,18889,932.398644714,60,21543,725.0,19483,853.777908946,60,21483,646.0,In Service,27
265,Stanton St & Chrystie St,40.72229346,-73.99147535,29195,763.743963007,60,21081,536.0,29801,807.676923593,60,21593,630.0,In Service,35
266,Avenue D & E 8 St,40.72368361,-73.97574813,10204,865.389161113,61,21510,744.0,9789,862.556849525,61,18988,732.0,In Service,24
267,Broadway & W 36 St,40.75097711,-73.98765428,21885,762.538953621,60,20577,567.0,20723,796.997490711,60,21485,594.0,In Service,57
268,Howard St & Centre St,40.71910537,-73.99973337,30028,834.020014653,60,21336,626.0,30412,875.983493358,60,21474,671.0,In Service,27
270,Adelphi St & Myrtle Ave,40.69308257,-73.97178913,11612,541.73544609,60,20249,347.0,11109,571.705734089,60,19414,385.0,In Service,23
271,Ashland Pl & Hanson Pl,40.68528172,-73.97805813,6408,732.609238452,64,19929,493.0,6767,771.473326437,64,17819,499.0,In Service,34
274,Lafayette Ave & Fort Greene Pl,40.68691865,-73.976682,8218,845.193477732,60,21429,556.0,9074,838.64976857,60,19623,529.0,In Service,31
275,Washington Ave & Greene Ave,40.68650065,-73.96563307,5430,812.502578269,61,18594,469.0,4956,839.337974173,61,20144,519.0,In Service,19
276,Duane St & Greenwich St,40.71748752,-74.0104554,18350,816.436566757,60,19308,607.0,18000,870.691888889,60,20805,699.0,In Service,25
278,Concord St & Bridge St,40.69766564,-73.98476437,5329,875.675548883,64,18313,698.0,4999,945.725945189,64,18401,628.0,In Service,19
279,Peck Slip & Front St,40.707873,-74.00167,26405,1203.27816701,60,21293,1014.0,27293,1136.82772139,60,21169,962.0,In Service,36
280,E 10 St & 5 Ave,40.73331967,-73.99510132,29932,687.780268609,60,20847,522.0,30183,684.501010503,60,19602,513.0,In Service,31
281,Grand Army Plaza & Central Park S,40.7643971,-73.97371465,51914,1750.63489617,60,21558,1109.5,49664,1716.33132651,60,21576,1044.0,In Service,59
282,Kent Ave & S 11 St,40.70827295,-73.96834101,8939,1090.48461797,60,21140,850.0,8846,1082.45919059,60,20457,916.0,In Service,27
284,Greenwich Ave & 8 Ave,40.73901691,-74.00263761,67864,707.556804786,60,21231,532.0,69383,672.945505383,60,21234,506.0,In Service,43
285,Broadway & E 14 St,40.73454567,-73.99074142,73599,666.643989728,60,21555,503.0,74201,671.06157599,60,21337,516.0,In Service,47
289,Monroe St & Classon Ave,40.6845683,-73.95881081,2799,934.326902465,62,17423,620.0,2293,963.275621457,62,17717,647.0,In Service,19
290,2 Ave & E 58 St,40.76020258,-73.96478473,21124,956.930931642,60,20496,805.0,20873,1124.84027212,60,20496,903.0,In Service,34
291,Madison St & Montgomery St,40.713126,-73.984844,11626,767.709702391,65,19857,609.0,11471,816.849707959,65,21153,647.0,In Service,20
293,Lafayette St & E 8 St,40.73028666,-73.9907647,95804,675.41169471,60,21270,509.0,96270,643.287161109,60,20929,483.0,In Service,55
294,Washington Square E,40.73049393,-73.9957214,27847,713.520379215,60,21494,542.0,27862,718.7050463,60,20476,567.0,In Service,34
295,Pike St & E Broadway,40.71406667,-73.99293911,20903,736.829402478,60,19491,579.0,20758,764.547210714,61,21571,612.0,In Service,24
296,Division St & Bowery,40.71413089,-73.9970468,21543,817.225780996,60,20273,626.0,22260,801.543486074,60,21189,630.0,In Service,35
297,E 15 St & 3 Ave,40.734232,-73.986923,41104,647.285714286,60,19686,508.0,41292,651.531604185,61,20957,503.0,In Service,27
298,3 Ave & Schermerhorn St,40.68683208,-73.9796772,4673,1003.41729082,71,21007,679.0,4682,1051.27894062,71,20675,737.5,In Service,35
300,Shevchenko Pl & E 7 St,40.728145,-73.990214,31176,685.713657942,60,21148,523.0,31943,658.440910372,60,20892,492.0,In Service,55
301,E 2 St & Avenue B,40.72217444,-73.98368779,35903,757.354872852,60,21169,599.0,36119,784.848251613,60,21190,643.0,In Service,37
302,Avenue D & E 3 St,40.72082834,-73.97793172,14537,838.152025865,60,19525,700.0,14504,836.799917264,60,21302,685.0,In Service,23
303,Mercer St & Spring St,40.72362738,-73.99949601,26278,875.185744729,60,21412,687.5,28198,868.60089368,60,20303,686.0,In Service,31
304,Broadway & Battery Pl,40.70463334,-74.01361706,28119,1280.43899143,60,20563,1127.0,28350,1180.99181658,61,21081,985.0,In Service,36
305,E 58 St & 3 Ave,40.76095756,-73.96724467,36018,962.302626465,60,21532,795.0,36645,926.047209715,60,21427,737.0,In Service,33
306,Cliff St & Fulton St,40.70823502,-74.00530063,21381,881.366961321,60,20571,669.0,21799,858.544199275,60,20363,633.0,In Service,25
307,Canal St & Rutgers St,40.71427487,-73.98990025,34773,726.133983263,60,19934,559.0,34950,747.669098712,60,20949,589.0,In Service,29
308,St James Pl & Oliver St,40.71307916,-73.99851193,16622,745.29491036,60,19340,509.0,16890,771.459029011,60,19955,550.0,In Service,27
309,Murray St & West St,40.7149787,-74.013012,20674,1111.24368772,60,19430,979.0,21293,1027.6450007,61,21053,822.0,In Service,41
310,State St & Smith St,40.68926942,-73.98912867,15692,984.261024726,62,21233,730.0,16718,1064.96070104,62,21401,815.5,In Service,36
311,Norfolk St & Broome St,40.7172274,-73.98802084,21820,737.924656279,60,19811,587.0,22777,770.8862888,60,20073,617.0,In Service,31
312,Allen St & E Houston St,40.722055,-73.989111,38697,804.870377549,60,21323,627.0,37908,827.570644719,60,20467,663.0,In Service,31
313,Washington Ave & Park Ave,40.69610226,-73.96751037,9194,860.589514901,61,19497,635.0,9617,811.066756785,61,17185,609.0,In Service,23
314,Cadman Plaza West & Montague St,40.69383,-73.990539,13595,902.699963222,60,20906,580.0,13190,855.012282032,60,18833,579.0,In Service,34
315,South St & Gouverneur Ln,40.70355377,-74.00670227,24280,1350.65362438,60,21120,1184.0,24898,1222.97674512,60,21365,1103.5,In Service,29
316,Fulton St & William St,40.70955958,-74.00653609,20633,892.627586875,60,21226,655.0,20433,841.666960309,61,20990,601.0,In Service,43
317,E 6 St & Avenue B,40.72453734,-73.98185424,27451,728.898728644,60,21596,574.0,29170,711.098560165,60,21363,568.0,In Service,27
318,E 43 St & Vanderbilt Ave,40.75320159,-73.9779874,40813,723.241540686,60,21153,558.0,41276,723.995348386,60,21080,572.0,In Service,34
319,Fulton St & Broadway,40.711066,-74.009447,8446,982.699739522,63,21412,765.0,8335,1094.76832633,63,21091,829.0,In Service,33
320,Leonard St & Church St,40.717571,-74.005549,19887,769.097299744,60,21557,561.0,19693,754.772203321,60,21557,545.0,In Service,39
321,Cadman Plaza E & Red Cross Pl,40.69991755,-73.98971773,10438,1230.79775819,60,18363,969.0,9120,1407.53574561,60,21081,1207.0,In Service,27
322,Clinton St & Tillary St,40.696192,-73.991218,9535,1202.48012585,60,20460,1009.0,9482,1411.24910356,60,21499,1294.0,In Service,31
323,Lawrence St & Willoughby St,40.69236178,-73.98631746,13490,846.461675315,60,20419,558.0,14397,839.392929082,60,17637,533.0,In Service,39
324,DeKalb Ave & Hudson Ave,40.689888,-73.981013,12903,630.431295048,60,17733,422.0,21135,485.021528271,60,21596,334.0,In Service,51
325,E 19 St & 3 Ave,40.73624527,-73.98473765,25896,687.25559932,61,20063,549.0,25363,685.753262627,61,21519,541.0,In Service,35
326,E 11 St & 1 Ave,40.72953837,-73.98426726,34795,713.255180342,60,21274,565.0,34896,709.377550436,60,21494,556.0,In Service,27
327,Vesey Pl & River Terrace,40.7153379,-74.01658354,65524,1058.02997375,60,21495,863.0,65264,1015.37663949,60,21534,837.0,In Service,39
328,Watts St & Greenwich St,40.72405549,-74.00965965,27633,871.095827453,60,21193,679.0,27970,914.73117626,60,21125,708.0,In Service,23
329,Greenwich St & N Moore St,40.72043411,-74.01020609,36277,790.481489649,60,19520,589.0,39250,827.48188535,60,21585,616.0,In Service,31
330,Reade St & Broadway,40.71450451,-74.00562789,20228,875.791971525,60,20409,649.0,20108,884.785707181,60,20167,712.0,In Service,39
331,Pike St & Monroe St,40.71173107,-73.99193043,11572,834.265554787,60,18664,656.0,11520,888.670572917,60,18826,676.0,In Service,27
332,Cherry St,40.71219906,-73.97948148,13409,1071.65933328,60,19654,971.0,13425,1134.56484171,60,18650,1008.0,In Service,24
334,W 20 St & 7 Ave,40.74238787,-73.99726235,41469,683.219320456,60,21476,526.0,41329,667.043456169,60,21274,523.0,In Service,31
335,Washington Pl & Broadway,40.72903917,-73.99404649,37157,674.554511936,60,19715,525.0,37395,657.031555021,60,21073,528.0,In Service,27
336,Sullivan St & Washington Sq,40.73047747,-73.99906065,35574,738.967954124,60,20724,563.0,36048,739.735824456,60,20412,570.0,In Service,36
337,Old Slip & Front St,40.7037992,-74.00838676,14155,1128.67700459,60,20857,1001.0,17350,1020.8973487,60,20857,850.0,In Service,37
339,Avenue D & E 12 St,40.72580614,-73.97422494,6662,954.664365056,60,11391,841.0,6469,1010.05163085,60,20556,864.0,In Service,24
340,Madison St & Clinton St,40.71269042,-73.98776323,14375,806.624695652,60,15780,637.0,14503,846.698820934,60,20182,659.0,In Service,27
341,Stanton St & Mangin St,40.71782143,-73.97628939,13346,903.101228833,60,20656,767.0,13591,911.090648223,60,20946,758.0,In Service,19
342,Columbia St & Rivington St,40.71739973,-73.98016555,14471,797.892474604,60,19688,668.0,14126,846.79031573,60,20842,702.0,In Service,29
343,Clinton Ave & Flushing Ave,40.69794,-73.96986848,5011,1151.09598882,60,21019,941.0,5225,1053.72976077,60,20540,909.0,In Service,23
344,Monroe St & Bedford Ave,40.6851443,-73.95380904,5495,848.592356688,60,21509,534.0,5509,842.882192775,60,19974,540.0,In Service,23
345,W 13 St & 6 Ave,40.73649403,-73.99704374,40714,667.016014147,61,20670,511.0,41114,613.383470351,60,18876,475.0,In Service,35
346,Bank St & Hudson St,40.73652889,-74.00618026,30967,794.129783318,60,20800,614.0,31524,806.505487882,60,21401,642.0,In Service,27
347,W Houston St & Hudson St,40.72873888,-74.00748842,35770,875.348308639,60,20555,721.0,37206,862.676933828,60,21582,716.0,In Service,35
348,W Broadway & Spring St,40.72490985,-74.00154702,42032,866.49029311,60,21463,662.0,45070,890.66824939,60,21075,688.0,In Service,42
349,Rivington St & Ridge St,40.71850211,-73.98329859,12972,850.024283071,60,19003,708.5,12336,887.096384565,60,20453,743.0,In Service,23
350,Clinton St & Grand St,40.71559509,-73.9870295,19822,769.982292402,61,21099,615.0,19808,842.246768982,61,18348,696.0,In Service,28
351,Front St & Maiden Ln,40.70530954,-74.00612572,17704,1124.31715996,60,20869,965.0,18342,1010.59900774,60,19901,814.5,In Service,39
352,W 56 St & 6 Ave,40.76340613,-73.97722479,34405,1066.81877634,60,20857,674.0,37337,913.578969923,60,21082,645.0,In Service,36
353,S Portland Ave & Hanson Pl,40.68539567,-73.97431458,5816,804.712517194,60,17519,524.0,5995,816.119432861,60,12631,540.0,In Service,27
354,Emerson Pl & Myrtle Ave,40.69363137,-73.96223558,6419,781.700420626,62,19341,573.0,6142,692.99430153,62,17042,531.0,In Service,23
355,Bayard St & Baxter St,40.71602118,-73.99974372,26136,842.143748087,60,20897,639.0,26809,854.897273304,60,20810,637.0,In Service,43
356,Bialystoker Pl & Delancey St,40.71622644,-73.98261206,22260,850.341734052,60,21153,732.0,18741,849.271597033,60,19440,703.0,In Service,23
357,E 11 St & Broadway,40.73261787,-73.99158043,23948,682.250041757,60,20762,517.0,23972,657.426247289,60,20709,530.0,In Service,27
358,Christopher St & Greenwich St,40.73291553,-74.00711384,60594,838.422781133,60,21339,647.0,62077,859.729593891,60,21451,669.0,In Service,36
359,E 47 St & Park Ave,40.75510267,-73.97498696,41439,736.813195299,60,21378,580.0,43963,716.616450197,60,21323,577.0,In Service,55
360,William St & Pine St,40.70717936,-74.00887308,18769,901.780382546,60,20543,702.0,18357,935.539903034,60,20431,780.0,In Service,39
361,Allen St & Hester St,40.71605866,-73.99190759,32589,776.082850041,60,20820,631.0,32250,827.359410853,60,21326,677.0,In Service,43
362,Broadway & W 37 St,40.75172632,-73.98753523,21985,795.399135774,60,21322,585.0,19955,772.002405412,60,21519,605.0,In Service,57
363,West Thames St,40.70834698,-74.01713445,35095,1027.5431543,60,20708,839.0,32195,1065.84805094,60,20894,909.0,In Service,49
364,Lafayette Ave & Classon Ave,40.68900443,-73.96023854,5722,794.371897938,60,19511,481.0,5155,815.114258002,60,18798,501.0,In Service,27
365,Fulton St & Grand Ave,40.68223166,-73.9614583,6983,932.502362881,61,18486,592.0,7121,978.196742031,61,18485,651.0,In Service,31
366,Clinton Ave & Myrtle Ave,40.693261,-73.968896,13762,681.538221189,60,20451,455.0,13034,725.670247046,60,21105,496.0,In Service,33
367,E 53 St & Lexington Ave,40.75828065,-73.97069431,19141,843.552531216,60,21445,670.0,19092,840.248900063,60,21209,684.0,In Service,34
368,Carmine St & 6 Ave,40.73038599,-74.00214988,65514,772.027536099,60,21234,600.0,66327,794.934370618,60,21180,623.0,In Service,39
369,Washington Pl & 6 Ave,40.73224119,-74.00026394,24416,715.224483945,60,21163,543.0,24588,724.223238978,60,20995,555.0,In Service,35
372,Franklin Ave & Myrtle Ave,40.694528,-73.958089,2873,1138.74242952,65,20945,834.0,3058,1227.01994768,65,21387,928.0,Not In Service,34
373,Willoughby Ave & Walworth St,40.69331716,-73.95381995,4883,1059.14622159,60,18931,775.0,5041,1028.56040468,60,21414,764.0,In Service,19
375,Mercer St & Bleecker St,40.72679454,-73.99695094,46244,720.548265721,60,19596,562.0,48555,724.655648234,60,21178,556.0,In Service,34
376,John St & William St,40.70862144,-74.00722156,17462,867.104856259,60,20546,642.0,17247,860.630718386,60,21311,677.0,In Service,43
377,6 Ave & Canal St,40.72243797,-74.00566443,22770,922.790425999,60,20836,695.0,23026,940.41917832,60,21339,719.0,In Service,47
379,W 31 St & 7 Ave,40.749156,-73.9916,56715,694.40008816,60,21437,548.0,57533,658.272104705,60,21288,551.0,In Service,42
380,W 4 St & 7 Ave S,40.73401143,-74.00293877,46473,760.385277473,60,21283,576.0,46585,765.784179457,60,21475,586.0,In Service,39
382,University Pl & E 14 St,40.73492695,-73.99200509,59266,684.962103061,60,20995,523.0,61853,634.433382374,60,21235,481.0,In Service,36
383,Greenwich Ave & Charles St,40.735238,-74.000271,34183,685.163473071,60,21262,520.0,34604,675.082620506,60,19068,510.0,In Service,39
384,Fulton St & Waverly Ave,40.68317813,-73.9659641,5087,899.144289365,62,20167,537.0,5201,1052.66564122,62,21479,613.0,In Service,31
385,E 55 St & 2 Ave,40.75797322,-73.96603308,19381,851.739848305,61,20511,693.0,19308,911.824321525,61,20507,759.0,In Service,29
386,Centre St & Worth St,40.71494807,-74.00234482,22009,1053.30114953,61,20754,781.0,22073,1058.89018258,61,20419,833.0,In Service,43
387,Centre St & Chambers St,40.71273266,-74.0046073,56483,1279.5276986,60,21530,1012.0,56362,1328.9193783,60,21480,1124.0,In Service,39
388,W 26 St & 10 Ave,40.74971775,-74.00295035,33991,833.135888912,61,21406,649.0,33817,777.66241831,61,21119,603.0,In Service,35
389,Broadway & Berry St,40.71044554,-73.96525063,9724,1068.54411765,60,21111,919.0,9702,1093.00845187,60,17642,941.0,In Service,27
390,Duffield St & Willoughby St,40.69221589,-73.9842844,7502,857.660090642,62,19547,544.0,7478,765.791789248,62,19547,496.5,In Service,31
391,Clark St & Henry St,40.69760127,-73.99344559,15883,767.457407291,61,19868,379.0,13630,935.543066764,61,19843,556.0,In Service,31
392,Jay St & Tech Pl,40.695065,-73.987167,13117,1134.50125791,61,21170,934.0,14425,1272.66842288,61,21170,1110.0,In Service,32
393,E 5 St & Avenue C,40.72299208,-73.97995466,17839,781.112282079,60,20293,672.0,17959,769.518959853,60,21091,629.0,In Service,31
394,E 9 St & Avenue C,40.72521311,-73.97768752,24482,805.094395883,60,18221,666.0,25062,781.149389514,60,20293,640.0,In Service,32
395,Bond St & Schermerhorn St,40.68807003,-73.98410637,7987,940.557405784,60,20813,610.0,8075,1042.3593808,60,19504,695.0,In Service,30
396,Lefferts Pl & Franklin Ave,40.68034242,-73.95576894,6251,1154.54071349,60,19799,909.0,6481,1220.29223885,60,21019,900.0,In Service,25
397,Fulton St & Clermont Ave,40.68415748,-73.96922273,6818,979.877090056,60,21556,662.0,6587,1076.77364506,60,20700,692.0,In Service,27
398,Atlantic Ave & Furman St,40.69165183,-73.9999786,10897,1566.81527026,60,21183,1237.0,12397,1489.20351698,60,20253,1197.0,In Service,31
399,Lafayette Ave & St James Pl,40.68851534,-73.9647628,5798,741.107450845,63,19958,433.0,4342,765.970520497,63,19722,482.0,In Service,27
400,Pitt St & Stanton St,40.71926081,-73.98178024,7473,854.45630938,60,21189,727.0,7296,846.474917763,60,20049,697.0,In Service,15
401,Allen St & Rivington St,40.72019576,-73.98997825,39093,786.750466835,60,21301,630.0,38907,844.590639217,60,21401,689.0,In Service,42
402,Broadway & E 22 St,40.7403432,-73.98955109,67428,703.633816812,60,21180,538.0,67434,703.872245455,60,21365,551.0,In Service,42
403,E 2 St & 2 Ave,40.72502876,-73.99069656,30586,743.128719022,60,21482,553.0,31182,768.336219614,60,21482,604.0,Not In Service,31
404,9 Ave & W 14 St,40.7405826,-74.00550867,25159,953.320720219,60,21547,745.0,26317,859.848956948,60,21200,672.0,In Service,34
405,Washington St & Gansevoort St,40.739323,-74.008119,48343,1020.11848665,60,21496,784.0,49152,989.283528646,60,21178,783.0,In Service,40
406,Hicks St & Montague St,40.69512845,-73.99595065,10483,956.191071258,62,19827,602.0,10140,988.931262327,62,20876,624.0,In Service,34
407,Henry St & Poplar St,40.700469,-73.991454,3768,1069.08757962,60,19784,810.0,3160,1185.66202532,60,20889,933.0,In Service,37
408,Market St & Cherry St,40.71076228,-73.99400398,11941,869.514781007,61,17569,641.0,12075,880.900703934,61,20202,611.0,In Service,23
409,DeKalb Ave & Skillman St,40.6906495,-73.95643107,4015,1066.60697385,62,17809,781.0,3921,1039.14358582,62,17388,811.0,In Service,19
410,Suffolk St & Stanton St,40.72066442,-73.98517977,35814,797.059027196,60,21308,662.0,36824,817.186481642,60,19688,689.0,In Service,35
411,E 6 St & Avenue D,40.72228087,-73.97668709,14665,859.881691101,60,18931,745.0,14610,907.199110198,60,21283,731.0,In Service,23
412,Forsyth St & Canal St,40.7158155,-73.99422366,23779,951.585726902,60,19853,805.0,23841,1044.35715784,60,20399,892.0,In Service,29
414,Pearl St & Anchorage Pl,40.70281858,-73.98765762,10145,1070.30685067,61,21190,838.0,11512,1020.28604934,61,21349,760.0,In Service,24
415,Pearl St & Hanover Square,40.7047177,-74.00926027,20970,1036.73500238,60,21309,825.0,25826,929.376906993,60,20183,725.0,In Service,42
416,Cumberland St & Lafayette Ave,40.68753406,-73.97265183,7890,726.584790875,60,20464,400.0,7362,835.281037761,60,16588,526.5,In Service,31
417,Barclay St & Church St,40.71291224,-74.01020234,52602,831.778525531,60,20983,629.0,53197,833.265710472,60,21557,629.0,In Service,23
418,Front St & Gold St,40.70224,-73.982578,5940,872.030639731,62,20205,689.0,6445,832.833514352,62,20717,640.0,In Service,23
419,Carlton Ave & Park Ave,40.69580705,-73.97355569,4599,697.444009567,61,15569,439.0,4130,706.207021792,64,16143,450.0,In Service,23
420,Clermont Ave & Lafayette Ave,40.68764484,-73.96968902,6177,806.845232313,65,21508,416.0,5358,817.606196342,65,15174,488.5,In Service,23
421,Clermont Ave & Park Ave,40.69573398,-73.97129668,4686,717.68950064,60,12922,466.0,4281,709.68605466,60,14553,478.0,In Service,19
422,W 59 St & 10 Ave,40.770513,-73.988038,20087,1054.47712451,60,19788,838.0,19366,1031.08137974,60,21507,799.0,In Service,55
423,W 54 St & 9 Ave,40.76584941,-73.98690506,17891,801.481303449,60,17560,612.0,16803,940.310063679,60,21529,710.0,In Service,39
426,West St & Chambers St,40.71754834,-74.01322069,78920,1140.21577547,60,21503,989.0,81693,1198.4822445,60,21503,1086.0,In Service,31
427,Bus Slip & State St,40.701907,-74.013942,20654,1442.81916336,60,21192,1232.5,20765,1282.0057308,60,21193,1103.0,In Service,47
428,E 3 St & 1 Ave,40.72467721,-73.98783413,36196,693.889518179,60,21395,525.0,36497,741.224840398,60,20629,568.0,In Service,31
430,York St & Jay St,40.7014851,-73.98656928,18449,875.32413681,60,21438,669.0,20077,934.809782338,60,21217,733.0,In Service,27
431,Hanover Pl & Livingston St,40.68864636,-73.98263429,2280,1011.61622807,63,19470,852.0,2484,1075.92270531,62,19470,829.0,In Service,34
432,E 7 St & Avenue A,40.72621788,-73.98379855,50292,726.500656168,60,21189,582.0,50147,762.102139709,60,21336,619.0,In Service,31
433,E 13 St & Avenue A,40.72955361,-73.98057249,36261,725.627175202,60,21100,569.0,36569,734.93357762,60,20657,574.0,In Service,39
434,9 Ave & W 18 St,40.74317449,-74.00366443,34046,770.535099571,60,19880,629.0,35817,728.907948739,60,21048,581.0,In Service,27
435,W 21 St & 6 Ave,40.74173969,-73.99415556,87053,652.812344204,60,21485,501.0,87808,637.575551203,60,21512,501.0,In Service,47
436,Hancock St & Bedford Ave,40.68216564,-73.95399026,2944,1114.49626359,64,18703,887.5,2570,1181.84552529,64,19799,957.0,In Service,27
437,Macon St & Nostrand Ave,40.68098339,-73.95004798,6419,950.832216856,60,20309,636.0,6293,998.349753695,60,20052,659.0,In Service,24
438,St Marks Pl & 1 Ave,40.72779126,-73.98564945,33500,731.228507463,60,20387,590.0,33450,702.919103139,60,21046,544.0,In Service,27
439,E 4 St & 2 Ave,40.7262807,-73.98978041,35768,731.49289868,60,21451,552.0,36815,718.677767214,60,21203,565.0,In Service,39
440,E 45 St & 3 Ave,40.75255434,-73.97282625,24597,799.447493597,60,21163,632.0,24960,784.904607372,60,21330,632.0,In Service,32
441,E 52 St & 2 Ave,40.756014,-73.967416,20765,876.609727908,60,20384,731.0,20779,785.481880745,60,19381,626.0,In Service,35
442,W 27 St & 7 Ave,40.746647,-73.993915,48581,713.488318478,60,21518,539.0,48096,725.953946274,60,21493,575.0,In Service,51
443,Bedford Ave & S 9th St,40.70853074,-73.96408963,2720,1104.88125,62,17154,978.0,2485,1390.46438632,62,19110,1233.0,In Service,23
444,Broadway & W 24 St,40.7423543,-73.98915076,60897,794.771253099,60,21170,579.0,61734,751.671655814,60,20585,569.0,In Service,52
445,E 10 St & Avenue A,40.72740794,-73.98142006,46947,777.660936801,60,21545,622.0,46494,778.746935088,60,21545,609.0,In Service,42
446,W 24 St & 7 Ave,40.74487634,-73.99529885,53033,645.862915543,60,20913,487.0,53138,668.966088298,60,21406,512.0,In Service,39
447,8 Ave & W 52 St,40.76370739,-73.9851615,36177,865.418359731,60,21178,561.0,31276,827.801764932,61,21539,604.0,In Service,31
448,W 37 St & 10 Ave,40.75660359,-73.9979009,33409,769.49103535,60,20079,619.0,33653,767.320714349,60,17966,618.0,In Service,31
449,W 52 St & 9 Ave,40.76461837,-73.98789473,25105,778.415694085,60,20689,588.0,20893,799.94854736,60,21313,595.0,In Service,31
450,W 49 St & 8 Ave,40.76227205,-73.98788205,29466,755.806590647,60,21593,574.0,27948,776.441033348,60,21193,577.0,In Service,59
453,W 22 St & 8 Ave,40.74475148,-73.99915362,43155,677.245695748,60,20073,505.0,44383,649.931865804,60,21480,486.0,In Service,39
454,E 51 St & 1 Ave,40.75455731,-73.96592976,15748,872.204533909,61,20593,722.0,15783,940.467655072,61,20534,782.0,In Service,35
455,1 Ave & E 44 St,40.75001986,-73.96905301,24601,894.470265436,60,21456,737.0,25330,926.314212396,60,19432,790.0,In Service,39
456,E 53 St & Madison Ave,40.7597108,-73.97402311,19237,858.688932786,60,20907,653.0,19323,799.82331936,61,21089,618.0,In Service,35
457,Broadway & W 58 St,40.76695317,-73.98169333,46485,1166.86967839,60,21519,770.0,44701,1436.94201472,60,21558,890.0,In Service,39
458,11 Ave & W 27 St,40.751396,-74.005226,44935,845.120618671,60,20693,698.0,46078,839.922869916,60,21510,654.0,In Service,31
459,W 20 St & 11 Ave,40.746745,-74.007756,62737,890.191338445,60,21353,738.0,65498,881.808833858,60,21359,724.0,In Service,49
460,S 4 St & Wythe Ave,40.71285887,-73.96590294,10535,1026.61433318,61,20806,922.0,10468,1018.01098586,61,19117,875.5,In Service,23
461,E 20 St & 2 Ave,40.73587678,-73.98205027,42948,723.473805532,61,21262,592.0,43663,671.594324714,61,20516,560.0,In Service,39
462,W 22 St & 10 Ave,40.74691959,-74.00451887,51222,803.616102456,60,21339,637.0,51367,809.142620749,60,21011,633.0,In Service,47
463,9 Ave & W 16 St,40.74206539,-74.00443172,44765,845.790237909,60,19541,654.0,45421,759.052200524,60,21099,585.0,In Service,25
464,E 56 St & 3 Ave,40.75934501,-73.96759673,9145,987.09743029,61,19871,844.0,9415,808.550823155,61,19732,668.0,In Service,34
465,Broadway & W 41 St,40.75513557,-73.98658032,39369,732.034138535,60,20982,544.0,36156,861.47505255,60,21166,631.0,In Service,39
466,W 25 St & 6 Ave,40.74395411,-73.99144871,41802,692.626931726,61,21174,539.0,42101,704.013253842,61,21412,569.0,In Service,35
467,Dean St & 4 Ave,40.68312489,-73.97895137,12756,1316.92254625,62,21382,1138.0,14336,1427.33600725,62,21554,1236.0,In Service,34
468,Broadway & W 55 St,40.7652654,-73.98192338,36219,885.052707143,60,20894,599.0,31164,905.356725709,60,21569,632.0,In Service,59
469,Broadway & W 53 St,40.76344058,-73.98268129,23415,847.468545804,60,20541,555.0,21216,859.635793741,60,20169,584.0,In Service,57
470,W 20 St & 8 Ave,40.74345335,-74.00004031,36094,681.26004322,60,20941,521.0,36592,681.22944906,60,21155,514.0,In Service,37
471,Grand St & Havemeyer St,40.71286844,-73.95698119,11128,1172.79376348,60,21596,1103.5,11726,1170.95795668,60,20968,1056.0,In Service,31
472,E 32 St & Park Ave,40.7457121,-73.98194829,48912,663.894974648,60,21171,497.0,48363,667.511878916,60,21445,514.0,In Service,41
473,Rivington St & Chrystie St,40.72110063,-73.9919254,21479,842.6230737,60,20218,653.0,21836,875.676176955,60,21509,720.0,In Service,38
474,5 Ave & E 29 St,40.7451677,-73.98683077,40324,693.88550243,60,20453,523.0,40820,707.416634003,60,21548,552.0,In Service,47
475,E 16 St & Irving Pl,40.73524276,-73.98758561,33621,692.126290116,60,20946,568.0,33629,667.753962354,60,21262,565.0,In Service,37
476,E 31 St & 3 Ave,40.74394314,-73.97966069,36139,716.835330253,60,21354,565.0,36104,697.92709949,60,21130,550.0,In Service,47
477,W 41 St & 8 Ave,40.75640548,-73.9900262,64557,766.777762288,60,21191,599.0,69839,724.840046392,60,21596,581.0,In Service,59
478,11 Ave & W 41 St,40.76030096,-73.99884222,34871,882.716526627,60,20941,700.0,35653,849.937003899,60,20446,661.0,In Service,31
479,9 Ave & W 45 St,40.76019252,-73.9912551,40515,787.486585215,60,21251,609.0,40656,784.290510626,60,20722,570.0,In Service,31
480,W 53 St & 10 Ave,40.76669671,-73.99061728,25511,852.386303947,60,19447,650.0,26135,739.07396212,61,20962,558.0,In Service,10
481,S 3 St & Bedford Ave,40.71260486,-73.96264403,9267,1075.57149023,60,21554,959.0,8958,1221.34583612,60,21532,1057.0,In Service,25
482,W 15 St & 7 Ave,40.73935542,-73.99931783,40536,671.607854746,60,21048,496.0,41629,653.416800788,60,20954,487.0,In Service,39
483,E 12 St & 3 Ave,40.73223272,-73.98889957,44544,632.272786458,60,21073,479.0,45184,619.795989731,60,21243,473.0,In Service,35
484,W 44 St & 5 Ave,40.75500254,-73.98014437,34960,787.141046911,60,21365,570.0,34801,786.291572081,60,21048,562.0,In Service,44
485,W 37 St & 5 Ave,40.75038009,-73.98338988,28440,733.046870605,60,21299,548.0,27810,782.433081625,60,20323,615.0,In Service,39
486,Broadway & W 29 St,40.7462009,-73.98855723,40764,708.964576587,60,21046,522.0,40625,735.881353846,60,20692,579.0,In Service,39
487,E 20 St & FDR Drive,40.73314259,-73.97573881,31922,821.771568197,60,20686,667.0,33976,796.358252884,60,21460,622.0,In Service,36
488,W 39 St & 9 Ave,40.75645824,-73.99372222,43972,798.642067679,60,20738,606.0,44701,788.662043355,60,21582,610.0,In Service,41
489,10 Ave & W 28 St,40.75066386,-74.00176802,39423,727.322451361,60,19401,560.0,39737,676.676900622,60,21397,507.0,In Service,37
490,8 Ave & W 33 St,40.751551,-73.993934,64827,730.660450121,60,21397,578.0,63367,758.553900295,60,21471,589.0,In Service,59
491,E 24 St & Park Ave S,40.74096374,-73.98602213,38795,682.847196804,60,21341,523.0,40290,653.761926036,60,21143,503.0,In Service,53
492,W 33 St & 7 Ave,40.75019995,-73.99093085,45511,745.149348509,60,20262,566.0,57454,692.459567654,60,21322,549.0,In Service,49
493,W 45 St & 6 Ave,40.7568001,-73.98291153,23911,776.623353268,60,20845,526.0,24179,854.72054262,60,21425,619.0,In Service,34
494,W 26 St & 8 Ave,40.74734825,-73.99723551,46411,678.566072698,60,21340,493.0,47105,671.031397941,60,20422,502.0,In Service,35
495,W 47 St & 10 Ave,40.76269882,-73.99301222,29644,837.508399676,60,21031,653.0,30215,813.966341221,60,19275,631.0,In Service,25
496,E 16 St & 5 Ave,40.73726186,-73.99238967,45878,722.669558394,60,21350,559.0,46349,687.912468446,60,21373,533.0,In Service,47
497,E 17 St & Broadway,40.73704984,-73.99009296,86004,737.122354774,60,21557,562.0,90223,690.184598162,60,21189,547.0,In Service,59
498,Broadway & W 32 St,40.74854862,-73.98808416,39116,748.46313529,60,21578,571.0,38235,702.446423434,60,21212,545.0,In Service,30
499,Broadway & W 60 St,40.76915505,-73.98191841,63209,1321.50448512,60,21496,907.0,62534,1542.82068954,60,21496,1024.0,In Service,36
500,Broadway & W 51 St,40.76228826,-73.98336183,32489,826.435901382,60,21509,549.0,28122,779.835431335,60,21309,527.0,In Service,40
501,FDR Drive & E 35 St,40.744219,-73.97121214,30814,1033.1172519,60,19370,797.0,28890,982.659155417,60,20087,728.0,In Service,43
502,Henry St & Grand St,40.714215,-73.981346,18284,733.597352877,60,21141,615.0,19074,735.696445423,60,20636,597.0,In Service,30
503,E 20 St & Park Ave,40.73827428,-73.98751968,42193,686.012229517,60,21025,529.0,42211,672.776574826,60,21569,522.0,In Service,29
504,1 Ave & E 15 St,40.73221853,-73.98165557,51850,677.142391514,60,21600,538.0,52434,689.259488118,60,20929,550.0,In Service,45
505,6 Ave & W 33 St,40.74901271,-73.98848395,48004,729.81220315,60,21411,562.0,47222,796.075960357,60,21395,610.0,In Service,36
507,E 25 St & 2 Ave,40.73912601,-73.97973776,43360,710.302167897,60,21064,587.0,42692,689.09800431,60,21021,570.0,In Service,47
508,W 46 St & 11 Ave,40.76341379,-73.99667444,23161,1043.46245844,60,20732,878.0,22928,995.50963887,60,20732,826.0,In Service,24
509,9 Ave & W 22 St,40.7454973,-74.00197139,47872,707.481325201,60,21265,547.0,48691,677.707728328,60,19648,517.0,In Service,36
510,W 51 St & 6 Ave,40.7606597,-73.98042047,32088,866.47223261,60,21266,595.0,34564,849.41887513,60,21590,616.0,In Service,51
511,E 14 St & Avenue B,40.72938685,-73.97772429,49591,788.231453288,60,21363,660.0,41890,808.55822392,60,20737,662.0,In Service,33
512,W 29 St & 9 Ave,40.7500727,-73.99839279,29702,757.124873746,60,20566,566.0,29903,750.190516002,60,20362,580.0,In Service,34
513,W 56 St & 10 Ave,40.768254,-73.988639,23546,855.715450607,60,20292,667.5,23438,858.447649117,60,21596,671.0,In Service,27
514,12 Ave & W 40 St,40.76087502,-74.00277668,51578,1315.41104735,60,21325,1100.0,55701,1210.78693381,60,21325,1028.0,In Service,53
515,W 43 St & 10 Ave,40.76009437,-73.99461843,37798,839.695327795,60,21582,633.0,38899,805.369649605,60,19963,602.0,In Service,35
516,E 47 St & 1 Ave,40.75206862,-73.96784384,13369,900.994913606,61,21256,758.0,12245,878.262229481,61,19245,757.0,In Service,31
517,Pershing Square South,40.751581,-73.97791,50619,774.957664118,60,21153,598.0,38851,750.280945149,60,20689,599.0,In Service,59
518,E 39 St & 2 Ave,40.74780373,-73.9734419,47792,779.831687312,60,21062,644.0,47873,796.827522821,60,20259,652.0,In Service,39
519,Pershing Square North,40.751873,-73.977706,104682,791.264677786,60,21512,609.0,95677,796.388400556,60,21600,631.0,In Service,61
520,W 52 St & 5 Ave,40.75992262,-73.97648516,27198,865.541767777,60,20957,647.0,33293,816.012134683,60,21043,605.0,In Service,39
521,8 Ave & W 31 St,40.75044999,-73.99481051,100686,792.40548835,60,21425,648.0,83171,760.377932212,60,21159,611.0,In Service,39
522,E 51 St & Lexington Ave,40.75714758,-73.97207836,22725,855.652893289,60,20620,654.0,22428,868.286383093,60,21025,670.0,In Service,51
523,W 38 St & 8 Ave,40.75466591,-73.99138152,53101,757.736822282,60,21337,597.0,52897,773.447322154,60,20281,643.0,In Service,51
524,W 43 St & 6 Ave,40.75527307,-73.98316936,24311,766.547735593,60,19930,562.0,25067,810.421390673,60,20645,615.0,In Service,57
525,W 34 St & 11 Ave,40.75594159,-74.0021163,21763,1165.03896522,61,21596,927.0,22033,1059.71070667,61,21264,889.0,In Service,39
526,E 33 St & 5 Ave,40.74765947,-73.98490707,36594,725.880663497,60,21475,547.0,36337,776.058507857,60,21209,589.0,In Service,39
527,E 33 St & 2 Ave,40.744023,-73.976056,44705,744.637109943,60,21078,608.0,43939,704.635039487,60,21375,573.0,In Service,59
528,2 Ave & E 31 St,40.74290902,-73.97706058,36405,718.874275512,60,21030,584.0,36311,655.694114731,60,21256,525.0,In Service,39
529,W 42 St & 8 Ave,40.7575699,-73.99098507,60410,767.381774541,60,21309,587.0,46291,839.066125165,60,21251,619.0,In Service,41
530,11 Ave & W 59 St,40.771522,-73.990541,31758,1210.52456074,60,20492,1031.0,32832,1286.47127802,60,20861,1120.0,In Service,36
531,Forsyth St & Broome St,40.71893904,-73.99266288,35264,745.709647232,60,21255,587.0,35567,802.643967723,60,21578,644.0,In Service,39
532,S 5 Pl & S 4 St,40.710451,-73.960876,26573,1295.69634592,60,21387,1130.0,27129,1345.01850418,60,21309,1194.0,In Service,43
533,Broadway & W 39 St,40.75299641,-73.98721619,28604,738.158928821,60,21590,566.0,27180,788.906843267,61,21348,614.0,In Service,50
534,Water - Whitehall Plaza,40.70255065,-74.0127234,14535,1220.0370829,60,20534,1016.0,14574,987.354604089,60,20369,716.0,In Service,31
536,1 Ave & E 30 St,40.74144387,-73.97536082,38574,767.906024784,61,21529,646.0,39294,666.044510612,60,21420,550.0,In Service,29
537,Lexington Ave & E 24 St,40.74025878,-73.98409214,59461,707.906695145,60,21593,573.0,59521,667.104164917,60,21438,550.0,In Service,39
538,E 48 St & Madison Ave,40.75666,-73.976684,12368,687.286060802,60,20379,527.5,11743,665.354679383,60,19154,519.0,In Service,34
539,Metropolitan Ave & Bedford Ave,40.71534825,-73.96024116,17824,1188.89502917,60,20269,1068.0,18754,1203.5289005,60,21327,1046.0,In Service,31
540,Lexington Ave & E 26 St,40.74147286,-73.98320928,18109,711.032304379,60,21267,568.0,18175,699.431636864,61,20762,559.0,In Service,30
545,E 23 St & 1 Ave,40.736502,-73.97809472,41071,780.760658372,60,20838,639.0,41464,721.091669882,60,19870,576.0,In Service,27
546,E 30 St & Park Ave S,40.74444921,-73.98303529,41802,698.268671355,60,21576,534.0,41478,721.635469405,60,20806,554.0,In Service,38
2000,Front St & Washington St,40.70255088,-73.98940236,15627,1171.50220772,61,20944,921.0,17606,1011.02357151,60,21226,709.0,In Service,30
2001,Sands St & Navy St,40.699773,-73.979927,1625,846.227692308,60,17381,551.0,1912,634.266736402,60,15328,365.0,In Service,15
2002,Wythe Ave & Metropolitan Ave,40.716887,-73.963198,19183,1190.21034249,60,18337,1140.0,20048,1223.06534318,60,20616,1087.0,In Service,27
2003,1 Ave & E 18 St,40.73416059,-73.98024289,25691,721.150714258,60,21460,575.0,26220,690.905797101,60,20885,547.0,In Service,39
2004,6 Ave & Broome St,40.724399,-74.004704,25614,838.246232529,60,19392,643.0,26176,865.569261919,60,21238,660.0,In Service,36
2005,Railroad Ave & Kay Ave,40.70531194,-73.97100056,611,1035.50736498,78,6701,862.0,692,865.833815029,78,6367,776.0,In Service,12
2006,Central Park S & 6 Ave,40.76590936,-73.97634151,56955,2179.98950048,60,21494,1631.0,56271,2314.94602904,60,21592,1641.0,In Service,49
2008,Little West St & 1 Pl,40.70569254,-74.01677685,29555,1268.00263915,60,21463,1102.0,29625,1209.0102616,60,21463,1056.0,In Service,24
2009,Catherine St & Monroe St,40.71117444,-73.99682619,14196,816.830656523,60,18826,574.0,14246,810.782886424,60,20983,556.0,In Service,35
2010,Grand St & Greene St,40.72165481,-74.00234737,27059,910.201189992,61,21600,693.0,28023,900.733575991,61,20925,695.0,In Service,39
2012,E 27 St & 1 Ave,40.739445,-73.976806,25953,763.561553578,60,18500,648.0,26216,722.071826366,60,20800,599.0,In Service,36
2017,E 43 St & 2 Ave,40.75022392,-73.97121414,13729,862.11887246,60,20397,718.0,13343,841.638911789,63,20402,713.0,In Service,39
2021,W 45 St & 8 Ave,40.75929124,-73.98859651,33201,834.249390079,60,21539,604.0,31626,888.314140264,60,21411,669.0,In Service,43
2022,E 59 St & Sutton Pl,40.75849116,-73.95920622,16097,1151.32086724,60,21298,973.0,14546,1143.28942665,60,20885,928.0,In Service,33
2023,E 55 St & Lexington Ave,40.75968085,-73.97031366,15969,915.572859916,60,20198,732.0,15819,887.748087743,60,21530,697.0,In Service,36
3002,South End Ave & Liberty St,40.711512,-74.015756,49228,1095.35439181,60,21557,905.0,49580,1100.95272287,60,21298,943.0,In Service,25
3014,E.T. Bike-In Movie Valet Station ,40.722852,-73.959114,315,1585.46666667,77,11687,1391.0,166,1114.78915663,77,3008,1051.5,In Service,34
3016,Mobile 01,40.7710518564,-73.9643383026,1038,2053.58959538,84,16972,1696.0,992,1878.35584677,84,9345,1709.0,In Service,47
3041,Kingston Ave & Herkimer St,40.67890679,-73.94142771,709,1168.20733427,78,18834,891.0,705,1418.20425532,78,18450,1168.0,In Service,24
3042,Fulton St & Utica Ave,40.6794268,-73.9298911,1204,973.709302326,63,20090,532.5,1272,944.142295597,63,20090,384.5,In Service,19
3043,Lewis Ave & Decatur St,40.6814598,-73.934903,678,1175.58259587,87,15752,753.0,622,1152.81993569,87,18632,673.5,In Service,19
3044,Albany Ave & Fulton St,40.6800105,-73.938475,517,1354.01934236,118,18673,925.0,406,1374.31773399,118,18673,913.0,In Service,27
3046,Marcus Garvey Blvd & Macon St,40.682601,-73.938037,767,943.81095176,63,16285,663.0,726,860.650137741,63,6529,586.5,In Service,19
3047,Halsey St & Tompkins Ave,40.6823687,-73.944118,1232,786.12987013,64,8281,509.0,1204,884.564784053,64,19925,619.0,In Service,21
3048,Putnam Ave & Nostrand Ave,40.68402,-73.94977,852,852.085680751,65,20035,509.0,745,882.617449664,65,17097,570.0,In Service,19
3049,Cambridge Pl & Gates Ave,40.68488,-73.96304,1222,788.261047463,73,18296,497.5,1058,719.129489603,74,19399,463.0,In Service,18
3050,Putnam Ave & Throop Ave,40.6851532,-73.94111,1377,1010.26289034,67,18615,538.0,1187,900.51727043,67,14506,459.0,In Service,21
3052,Lewis Ave & Madison St,40.686312,-73.935775,1627,772.247080516,74,17698,449.0,1514,863.15653897,74,18615,487.5,In Service,23
3053,Marcy Ave & Lafayette Ave,40.6900815,-73.947915,519,965.404624277,70,10545,725.0,399,890.874686717,70,14070,693.0,In Service,23
3054,Greene Ave & Throop Ave,40.6894932,-73.942061,1202,917.891014975,77,18462,690.0,1130,880.095575221,77,20198,628.0,In Service,19
3055,Greene Ave & Nostrand Ave,40.6883337,-73.950916,913,926.220153341,64,20876,655.0,814,998.511056511,64,17581,676.5,In Service,23
3056,Kosciuszko St & Nostrand Ave,40.69072549,-73.95133465,866,790.844110855,94,17919,576.0,818,762.825183374,90,11001,531.0,In Service,23
3057,Kosciuszko St & Tompkins Ave,40.69128258,-73.9452416,1010,721.641584158,71,14477,431.5,937,607.823906083,71,14477,400.0,In Service,18
3058,Lewis Ave & Kosciuszko St,40.69237074,-73.93705428,1098,901.529143898,65,19286,657.5,972,1056.44958848,65,16797,801.0,In Service,24
3059,Pulaski St & Marcus Garvey Blvd,40.6933982,-73.939877,520,745.196153846,71,9634,492.5,604,675.450331126,71,5765,367.5,In Service,19
3060,Willoughby Ave & Tompkins Ave,40.69425403,-73.94626915,1252,804.455271565,72,20140,719.0,1163,721.202923474,72,20140,598.0,In Service,19
3061,Throop Ave & Myrtle Ave,40.69622937,-73.94371094,557,882.768402154,66,20847,649.0,404,852.188118812,66,9767,545.0,In Service,21
3062,Myrtle Ave & Marcy Ave,40.69539817,-73.94954908,1211,755.810074319,61,14071,472.0,1153,593.107545533,66,14071,382.0,In Service,23
3063,Nostrand Ave & Myrtle Ave,40.69527008,-73.95238108,668,863.907185629,66,13174,643.5,683,945.93704246,61,19173,727.0,In Service,20
3064,Myrtle Ave & Lewis Ave,40.69681963,-73.93756926,2170,933.04562212,61,21493,695.5,2439,969.332513325,61,20847,712.0,In Service,23
3065,Union Ave & Wallabout St,40.70029511,-73.95032283,861,1083.55052265,82,20917,832.0,895,1019.05921788,82,20685,876.0,In Service,27
3066,Tompkins Ave & Hopkins St,40.69957608,-73.94708417,988,893.746963563,89,11256,762.5,1052,828.714828897,81,20920,630.5,In Service,19
3067,Broadway & Whipple St,40.7016657,-73.9437303,1294,940.615919629,61,18881,603.0,1302,858.930875576,61,18151,598.0,In Service,27
3068,Humboldt St & Varet St,40.7031724,-73.940636,1405,1134.56939502,64,17550,923.0,1551,1087.4339136,64,17673,809.0,In Service,24
3069,Lorimer St & Broadway,40.70411791,-73.94818595,1147,822.474280732,61,10268,599.0,1217,867.629416598,61,16336,574.0,In Service,25
3070,McKibbin St & Manhattan Ave,40.70510918,-73.94407279,861,728.282229965,68,13885,527.0,820,728.345121951,68,9958,547.5,In Service,23
3071,Boerum St & Broadway,40.70538077,-73.94976519,1468,906.444141689,62,20631,564.5,1582,929.053729456,62,21350,579.0,In Service,19
3072,Leonard St & Boerum St,40.70583339,-73.94644578,1075,784.645581395,62,10112,589.0,1138,811.318101933,72,10112,578.5,In Service,24
3073,Division Ave & Hooper St,40.70691254,-73.95441667,1541,1012.05451006,69,18053,762.0,1409,1042.98793471,69,16395,842.0,In Service,27
3074,Montrose Ave & Bushwick Ave,40.70767788,-73.94016171,3278,1018.21842587,62,20456,739.0,3547,986.732168029,62,21235,698.0,In Service,31
3075,Division Ave & Marcy Ave,40.70708701,-73.95796783,952,991.165966387,91,18596,725.5,831,1084.38146811,91,18093,770.0,In Service,33
3076,Scholes St & Manhattan Ave,40.70870368,-73.9448625,1654,750.892986699,67,20629,530.0,1530,745.51372549,67,11109,558.0,In Service,24
3077,Stagg St & Union Ave,40.70877084,-73.95095259,2161,822.637667746,62,18023,546.0,2058,825.00728863,62,18023,595.0,In Service,33
3078,Broadway & Roebling St,40.70925562,-73.95982218,807,711.908302354,82,13468,420.0,807,731.0,78,9114,516.0,In Service,15
3079,Leonard St & Grand St,40.71103537,-73.94714303,2559,880.747166862,64,13713,613.0,2604,910.17281106,65,18190,612.0,In Service,24
3080,S 4 St & Rodney St,40.70934,-73.95608,1060,820.203773585,73,17970,586.0,983,795.05595117,73,5397,618.0,In Service,21
3081,Graham Ave & Grand St,40.711863,-73.944024,1979,781.80444669,60,18190,550.0,1924,860.955301455,60,18857,606.0,In Service,23
3082,Hope St & Union Ave,40.71167351,-73.95141312,1893,795.619123085,71,20200,478.0,1833,797.322422259,67,21444,451.0,In Service,25
3083,Bushwick Ave & Powers St,40.71247661,-73.94100005,2289,1013.29357798,61,21118,712.0,2195,1032.77585421,62,20876,745.0,In Service,30
3084,Devoe St & Leonard St,40.71348658,-73.94792458,1988,770.222837022,60,18177,492.0,1902,690.368033649,60,8627,491.0,In Service,19
3085,Roebling St & N 4 St,40.71469,-73.95739,1958,852.575076609,62,21203,555.5,1878,811.261448349,62,19497,549.0,In Service,25
3086,Graham Ave & Conselyea St,40.715143,-73.944507,5169,575.147610756,61,18563,347.0,5352,540.34715994,60,19286,309.5,In Service,25
3087,Metropolitan Ave & Meeker Ave,40.71413311,-73.95234386,4086,803.266030348,62,21507,460.0,3971,769.624276001,60,21557,435.0,In Service,36
3088,Union Ave & Jackson St,40.7160751,-73.952029,2179,868.847636531,60,16307,527.0,2212,912.454339964,61,17351,552.5,In Service,22
3089,Leonard St & Meeker Ave,40.7173184039,-73.9482021332,363,594.016528926,82,6183,403.0,276,656.963768116,62,13157,408.0,In Service,21
3090,N 8 St & Driggs Ave,40.71774592,-73.95600096,9197,654.139502012,61,18297,411.0,9623,568.991582667,61,19695,358.0,In Service,31
3091,Frost St & Meeker St,40.71764,-73.94882,1728,727.648726852,67,12648,427.0,1553,713.641339343,67,16712,432.0,In Service,31
3092,Berry St & N 8 St,40.7190095,-73.95852515,5487,755.510297066,62,17790,422.0,5532,778.195770065,64,21415,433.0,In Service,27
3093,N 6 St & Bedford Ave,40.71745169,-73.95850939,9066,755.815574675,60,18611,419.0,9321,622.922325931,60,21420,348.0,In Service,28
3094,Graham Ave & Withers St,40.7169811,-73.94485918,1856,753.558189655,60,19966,495.0,1712,807.571261682,60,19966,535.5,In Service,18
3095,Graham Ave & Herbert St,40.71929301,-73.94500379,1321,602.960635882,66,13492,340.0,1041,628.812680115,61,18549,402.0,In Service,23
3096,Union Ave & N 12 St,40.71924,-73.95242,848,728.654481132,68,16671,430.0,795,743.289308176,68,19644,380.0,In Service,39
3097,N Henry St & Richardson St,40.71921585,-73.9424469,3025,518.300495868,60,19399,249.0,2895,507.608981002,60,18111,266.0,In Service,19
3098,Leonard St & Bayard St,40.71928,-73.94861,2006,709.159521436,62,18151,447.5,1865,677.664879357,67,14971,421.0,In Service,43
3099,Leonard St & Manhattan Ave,40.7215224034,-73.948982656,544,652.148897059,67,8787,388.5,408,550.473039216,79,4227,351.0,In Service,19
3101,N 12 St & Bedford Ave,40.72079821,-73.95484712,4082,830.515678589,64,19134,477.0,3999,783.050762691,67,21136,457.0,In Service,27
3102,Driggs Ave & Lorimer St,40.72179134,-73.9504154,3336,680.267086331,62,21327,393.0,3174,726.81884058,66,18881,409.0,In Service,27
3103,N 11 St & Wythe Ave,40.72153267,-73.95782357,3927,997.180544945,61,21420,581.0,3921,925.070390207,61,20272,556.0,In Service,27
3104,Kent Ave & N 7 St,40.72057658,-73.96150225,10585,1036.29513462,61,18833,731.0,11569,944.342121186,61,21508,650.0,In Service,34
3105,N 15 St & Wythe Ave,40.724055,-73.955736,1040,804.391346154,64,13828,537.5,892,741.889013453,64,15717,477.0,In Service,24
3106,Driggs Ave & N Henry St,40.72325,-73.94308,3855,642.53229572,62,19570,415.0,3369,693.983971505,62,21086,486.0,In Service,19
3107,Bedford Ave & Nassau Ave,40.72311651,-73.95212324,6203,739.276317911,68,21566,439.0,6170,682.935980551,62,21566,364.0,In Service,39
3108,Nassau Ave & Russell St,40.72557,-73.94434,5159,747.351812367,60,18591,515.0,5074,717.937327552,60,18889,492.0,In Service,24
3109,Banker St & Meserole Ave,40.72606,-73.95621,2704,730.822485207,63,16516,432.0,2682,665.816927666,63,17274,368.0,In Service,31
3110,Meserole Ave & Manhattan Ave,40.72708584,-73.95299117,3864,689.780538302,61,21087,437.0,3721,680.257457673,61,21087,448.0,In Service,27
3111,Norman Ave & Leonard St,40.7258483,-73.95064893,2891,709.195434106,63,21525,410.0,2656,730.733057229,63,16995,422.5,In Service,25
3112,Milton St & Franklin St,40.72906,-73.95779,5317,785.748542411,62,21193,512.0,5386,747.872818418,62,21193,493.0,In Service,33
3113,Greenpoint Ave & Manhattan Ave,40.73026,-73.95394,4160,773.451442308,60,18889,517.0,4203,799.418510588,60,17982,532.0,In Service,27
3114,India St & East River,40.73165141,-73.96161892,1193,761.850796312,70,19695,506.0,1257,571.124105012,69,17471,349.0,In Service,23
3115,India St & Manhattan Ave,40.73232194,-73.9550858,3726,806.930220075,61,14781,568.0,3813,825.683451351,61,19134,563.0,In Service,34
3116,Huron St & Franklin St,40.73266,-73.95826,1405,708.103202847,61,16499,501.0,1353,705.718403548,61,21088,481.0,In Service,35
3117,Franklin St & Dupont St,40.73564,-73.95866,2677,867.2256257,60,19081,600.0,2706,819.820029564,60,19081,559.0,In Service,27
3118,McGuinness Blvd & Eagle St,40.73555,-73.95284,3045,801.955993432,65,18760,542.0,2833,857.963289799,65,20128,625.0,In Service,30
3119,Vernon Blvd & 50 Ave,40.74232744,-73.95411749,6432,641.741915423,60,17390,424.0,6538,631.430559804,60,19054,408.0,In Service,45
3120,Center Blvd & Borden Ave,40.74161,-73.96044,1975,1139.68455696,87,17909,882.0,2182,1193.31393217,87,17909,933.5,In Service,20
3121,Jackson Ave & 46 Rd,40.74524768,-73.94733276,1776,1050.47522523,65,20963,808.0,1696,1110.88915094,65,21318,825.5,In Service,27
3122,48 Ave & 5 St,40.7443632871,-73.955873251,852,911.61971831,78,14973,627.0,871,948.950631458,78,15649,643.0,In Service,31
3123,31 St & Thomson Ave,40.74469738,-73.93540375,869,1344.05638665,70,7251,1284.0,921,1217.72095548,66,12823,1100.0,In Service,27
3124,46 Ave & 5 St,40.74731,-73.95451,5178,688.786790267,61,19388,342.0,5267,653.694892728,61,15127,347.0,In Service,27
3125,45 Rd & 11 St,40.74708586,-73.94977234,2444,840.886252046,64,18493,498.0,2511,786.655913978,64,16530,499.0,In Service,23
3126,44 Dr & Jackson Ave,40.74718234,-73.9432635,3329,950.354160409,62,17330,651.0,3282,889.650213285,62,21493,606.0,In Service,34
3127,9 St & 44 Rd,40.74966,-73.9521,1116,939.181003584,70,16661,437.5,1180,869.05,70,20407,400.5,In Service,35
3128,21 St & 43 Ave,40.75052534,-73.94594845,574,1163.23170732,129,13200,1091.0,569,1096.61335677,121,10136,954.0,In Service,23
3129,Queens Plaza North & Crescent St,40.75110165,-73.94073717,5711,1300.97180879,61,21318,1109.0,5813,1244.60209874,61,20766,1115.0,In Service,31
3130,21 St & Queens Plaza North,40.75325964,-73.94335788,351,1513.68945869,65,17831,1197.0,312,1458.34294872,65,20559,1177.5,In Service,34
3132,E 59 St & Madison Ave,40.76350532,-73.97109243,6894,975.487525384,62,20954,731.5,6879,941.118040413,62,20958,702.0,In Service,35
3133,E 67 St & Park Ave,40.76735637,-73.96493528,2674,1241.75205684,63,21211,1002.5,2336,1529.64297945,63,21211,1106.0,In Service,34
3134,3 Ave & E 62 St,40.76312584,-73.96526895,7632,843.158149895,64,20958,630.0,6083,879.283577182,64,19482,668.0,In Service,51
3135,E 75 St & 3 Ave,40.77112927,-73.95772297,7504,1060.28571429,61,21161,893.5,7161,1001.98966625,61,18936,850.0,In Service,41
3136,5 Ave & E 63 St,40.76650452,-73.97147595,6963,1734.75657044,61,20066,1061.0,6555,1676.18138825,61,21188,1033.0,In Service,47
3137,5 Ave & E 73 St,40.77282817,-73.96685276,8156,1558.19543894,61,20030,1124.0,8186,1525.28438798,61,21120,1162.5,In Service,31
3138,E 77 St & Park Ave,40.774405455,-73.9617526531,274,992.616788321,124,7303,723.0,287,874.599303136,88,7302,607.0,In Service,47
3139,E 72 St & Park Ave,40.77122923,-73.96432627,6965,1103.73496052,63,20222,781.0,6257,1165.04219274,63,20218,770.0,In Service,43
3140,1 Ave & E 78 St,40.77140426,-73.9535166,10874,1014.53154313,60,20941,850.5,11140,967.511400359,60,19788,804.0,In Service,55
3141,1 Ave & E 68 St,40.76500525,-73.95818491,18143,888.329603704,60,21003,738.0,17938,863.954119746,60,20328,726.0,In Service,59
3142,1 Ave & E 62 St,40.7612274,-73.96094022,10665,837.897140178,61,20149,657.0,10216,905.483555208,61,20789,755.0,In Service,59
3143,5 Ave & E 78 St,40.7768286344,-73.9638876915,8590,1742.29243306,61,21071,1335.5,8422,1850.33127523,61,19521,1538.0,In Service,47
3144,E 81 St & Park Ave,40.77677702,-73.9590097,4272,1270.72659176,61,20929,986.0,4236,1346.08758263,61,21474,1017.0,In Service,46
3145,E 84 St & Park Ave,40.77862688,-73.95772073,9817,1328.2060711,63,20981,1051.0,10442,1436.3952308,62,21476,1162.5,In Service,59
3146,E 81 St & 3 Ave,40.77573034,-73.9567526,4171,1200.02877008,61,21564,949.0,3877,1123.78179004,61,21564,890.0,In Service,47
3147,E 85 St & 3 Ave,40.77801203,-73.95407149,8989,1049.98765157,61,20196,888.0,8916,969.336585913,61,19665,738.0,In Service,39
3148,E 84 St & 1 Ave,40.77565541,-73.95068615,5332,1120.50412603,62,20553,996.0,5463,1074.73933736,62,21003,904.0,In Service,31
3149,E 82 St & 2 Ave,40.77517793,-73.95324922,3098,1163.69980633,61,20821,995.5,2835,1230.02680776,61,18731,1013.0,In Service,34
3150,E 85 St & York Ave,40.77536905,-73.94803392,6722,976.596548646,61,20356,766.0,6747,1052.86275382,61,19950,903.0,In Service,55
3151,E 81 St & York Ave,40.7728384,-73.94989233,1899,1022.8583465,61,19591,821.0,1874,901.69850587,61,20932,676.5,In Service,43
3153,E 71 St & 2 Ave,40.7681754674,-73.9591026306,427,903.555035129,70,12105,698.0,433,817.875288684,70,3830,644.0,In Service,37
3154,E 77 St & 3 Ave,40.77314236,-73.95856158,2058,784.266763848,63,15015,577.0,2034,749.471484759,63,15381,512.5,In Service,31
3155,Lexington Ave & E 63 St,40.76440023,-73.96648977,3495,776.459513591,69,21120,575.0,3505,756.556348074,69,20686,565.0,In Service,39
3156,E 72 St & York Ave,40.76663814,-73.95348296,11347,1002.76874945,61,20407,846.0,11177,927.262503355,61,21025,740.0,In Service,39
3157,East End Ave & E 86 St,40.77518615,-73.94446054,1791,1302.47236181,63,18451,1091.0,1767,1251.47085456,63,20857,980.0,In Service,47
3158,W 63 St & Broadway,40.77163851,-73.98261428,11013,1018.21565423,65,20892,718.0,9912,981.595742534,65,21495,701.0,In Service,31
3159,W 67 St & Broadway,40.77492513,-73.98266566,10122,899.900118554,63,20026,665.0,9699,905.158263739,63,21062,669.0,In Service,31
3160,Central Park West & W 76 St,40.77896784,-73.97374737,6954,1704.07247627,60,19969,1173.5,6281,1877.96465531,60,21435,1327.0,In Service,39
3161,W 76 St & Columbus Ave,40.7801839724,-73.9772853255,3893,962.989211405,64,13970,750.0,3641,954.530348805,64,19963,753.0,In Service,59
3162,W 78 St & Broadway,40.78339981,-73.98093133,3653,1051.78291815,64,18981,841.0,3516,1104.87656428,64,19900,879.0,In Service,39
3163,Central Park West & W 68 St,40.7734066,-73.97782542,7609,1434.93481404,62,20969,944.0,6694,1455.67687481,62,18110,996.0,In Service,43
3164,Columbus Ave & W 72 St,40.7770575,-73.97898475,11464,1044.1388695,61,21582,739.0,10019,1051.52939415,61,20966,722.0,In Service,67
3165,Central Park West & W 72 St,40.77575319,-73.97603963,11754,1711.48893994,60,21569,1203.0,11402,1886.27205753,60,21373,1423.0,In Service,51
3166,Riverside Dr & W 72 St ,40.7805779901,-73.9856243134,4827,1222.91133209,61,21493,1076.0,4804,1246.42464613,61,20708,1083.0,In Service,41
3167,Amsterdam Ave & W 73 St,40.7796680901,-73.9809304476,8119,885.591205814,60,21159,675.0,7735,874.205042017,60,21078,669.0,In Service,55
3168,Central Park West & W 85 St,40.78472675,-73.96961715,8842,1508.64521601,61,21483,1088.0,8796,1839.76170987,61,21494,1533.0,In Service,31
3169,Riverside Dr & W 82 St,40.78720869,-73.98128127,6625,1530.57524528,60,21292,1380.0,6205,1632.76406124,60,20006,1474.0,In Service,59
3170,W 84 St & Columbus Ave,40.78499979,-73.97283406,9219,1186.59106194,60,20529,907.0,7948,1436.83744338,60,20922,1071.0,In Service,35
3171,Amsterdam Ave & W 82 St,40.78524672,-73.97667321,3706,1092.03939557,65,20220,878.0,3671,984.58267502,64,19483,772.0,In Service,39
3172,W 74 St & Columbus Ave,40.7785669,-73.97754961,5974,1037.39537998,62,21185,749.0,5237,1061.31850296,61,16019,789.0,In Service,27
3173,Riverside Blvd & W 67 St,40.7775070275,-73.9888858795,4356,1101.19903581,65,17874,933.0,4382,1056.66339571,65,17125,870.0,In Service,63
3175,W 70 St & Amsterdam Ave,40.77748046,-73.98288594,9234,913.129088152,60,20484,679.5,8602,988.65031388,60,20432,731.5,In Service,31
3176,W 64 St & West End Ave,40.77452835,-73.98753759,6446,1020.06546696,62,21548,839.0,6052,969.829147389,62,16572,775.0,In Service,43
3177,W 84 St & Broadway,40.7867947,-73.977112,10154,1270.55337798,62,19909,1072.0,9908,1295.32700848,62,20250,1096.0,In Service,63
3178,Riverside Dr & W 78 St,40.78414472,-73.98362492,5260,1444.02281369,62,20050,1251.5,4701,1517.46649649,62,18710,1325.0,In Service,59
3179,Park Ave & Marcus Garvey Blvd,40.698617,-73.941342,515,767.669902913,106,5020,510.0,578,873.034602076,85,12132,563.5,In Service,23
3180,Brooklyn Bridge Park - Pier 2,40.69878,-73.99712,3315,1575.61568627,65,20602,1238.0,3086,1670.84964355,65,21111,1369.5,In Service,31
3181,Soissons Landing,40.692609,-74.016398,2369,2394.66019417,64,19880,1571.0,2396,2373.1427379,64,19880,1613.0,In Service,34
3182,Yankee Ferry Terminal,40.686931,-74.016966,2148,2046.69459963,61,16865,1556.0,2142,2010.42016807,61,14805,1519.5,In Service,34
3221,47 Ave & 31 St,40.743,-73.93561,628,1058.25318471,64,12487,803.0,707,1062.90381895,64,13853,780.0,In Service,27
3222,Hanson Pl & St Felix St,40.6851595999,-73.9771136642,6734,673.950697951,61,21444,464.0,6991,759.088113289,60,19677,495.0,In Service,39
3223,E 55 St & 3 Ave,40.7589965596,-73.9686539769,8668,874.137632672,61,17471,723.0,8753,848.835256483,61,20011,720.0,In Service,55
3224,W 13 St & Hudson St,40.739973541,-74.005138725,12709,867.800220316,60,20245,662.0,13623,785.692725538,60,20792,612.0,In Service,39
3226,W 82 St & Central Park West,40.78275,-73.97137,3772,1219.29612937,62,20894,896.0,3601,1352.39877812,62,19799,991.0,In Service,45
3229,Marcy Ave & MacDonough St,40.6806176846,-73.946249485,521,915.201535509,84,8301,665.0,460,873.92173913,86,7957,632.5,In Service,34
3230,Penn Station Valet,40.751283597,-73.9969244599,16448,811.18464251,61,20993,724.0,9161,790.009605938,61,21593,688.0,Not In Service,7
3231,E 67 St & Park Ave,40.7678008015,-73.9659208059,6410,983.748517941,64,21474,765.0,6029,925.732625643,64,16687,722.0,In Service,59
3232,Bond St & Fulton St,40.6896218879,-73.9830426872,1019,975.168792934,62,21160,581.0,1031,932.973811833,62,14421,599.0,In Service,31
3233,E 48 St & 5 Ave,40.7572456791,-73.9780591428,7725,762.189255663,61,21483,579.0,7715,762.2022035,61,20768,568.0,In Service,39
3234,E 40 St & Madison Ave,40.7515936845,-73.9804315567,6844,727.746347165,61,17805,555.0,6796,799.36241907,61,21483,624.0,In Service,34
3235,E 41 St & Madison Ave,40.7521652806,-73.979921937,5800,722.330517241,61,19496,541.0,5808,769.184573003,61,20677,594.5,In Service,31
3236,PABT Valet,40.758984814,-73.9937996864,4433,746.530340627,63,10470,640.0,1835,830.274114441,63,18241,694.0,In Service,33
3237,21 St & 41 Ave,40.7538334344,-73.9426767826,256,1158.35546875,103,10277,959.0,227,1529.0,101,20870,1306.0,In Service,25
3238,E 80 St & 2 Ave,40.7739139024,-73.9543953538,473,906.906976744,66,21089,747.0,458,884.358078603,66,4877,740.0,In Service,37
3241,Monroe St & Tompkins Ave,40.686203,-73.944694,13,770.153846154,200,2069,331.0,9,654.777777778,255,1546,454.0,In Service,19
3242,Schermerhorn St & Court St,40.6910292568,-73.9918336272,15,583.066666667,197,1483,395.0,23,820.565217391,262,2957,643.0,In Service,39
